"Guid","AccountId","AssistantName","AssistantPhone","Birthdate","Department","Description","Email","EmailBouncedReason","Fax","FirstName","HomePhone","Jigsaw","Languages__c","LastName","LeadSource","Level__c","MailingCity","MailingCountry","MailingGeocodeAccuracy","MailingLatitude","MailingLongitude","MailingPostalCode","MailingState","MailingStreet","MobilePhone","OtherCity","OtherCountry","OtherGeocodeAccuracy","OtherLatitude","OtherLongitude","OtherPhone","OtherPostalCode","OtherState","OtherStreet","Phone","Salutation","Title"
0099afac-f807-4d4f-97f4-bdafc2ed44c8,1530cd60-e37d-4d82-9335-6da0bc6f6ead,"#N/A","#N/A",1955-12-31,Facilities,"#N/A",bond_john@grandhotels.com,"#N/A",(312) 596-1500,John,"#N/A","#N/A",English,Bond,External Referral,Primary,"#N/A","#N/A","#N/A","#N/A","#N/A","#N/A","#N/A","2334 N. Michigan Avenue, Suite 1500
Chicago, IL 60601, USA",(312) 596-1563,"#N/A","#N/A","#N/A","#N/A","#N/A","#N/A","#N/A","#N/A","#N/A",(312) 596-1000,Mr.,"VP, Facilities"
0136f99d-eb23-4d2a-8b13-1b417ce0af28,1530cd60-e37d-4d82-9335-6da0bc6f6ead,"#N/A","#N/A",1953-10-19,Finance,"#N/A",barr_tim@grandhotels.com,"#N/A",(312) 596-1500,Tim,"#N/A","#N/A",English,Barr,External Referral,Secondary,"#N/A","#N/A","#N/A","#N/A","#N/A","#N/A","#N/A","2335 N. Michigan Avenue, Suite 1500
Chicago, IL 60601, USA",(312) 596-1230,"#N/A","#N/A","#N/A","#N/A","#N/A","#N/A","#N/A","#N/A","#N/A",(312) 596-1000,Mr.,"SVP, Administration and Finance"
0e8e6c15-04b7-4fb7-b901-d39804b3d316,8221cf74-62bd-490e-a6ce-c35040ac1304,"#N/A","#N/A",1946-11-21,Finance,"#N/A",sean@edge.com,"#N/A",(512) 757-9000,Sean,"#N/A","#N/A",English,Forbes,Trade Show,Secondary,"#N/A","#N/A","#N/A","#N/A","#N/A","#N/A","#N/A","312 Constitution Place
Austin, TX 78767
USA",(512) 757-4561,"#N/A","#N/A","#N/A","#N/A","#N/A","#N/A","#N/A","#N/A","#N/A",(512) 757-6000,Mr.,CFO
3ab01f22-1991-41a4-a689-fbde500d3d2b,60e0ebc4-926d-4901-b36b-8f2887faafaa,"#N/A","#N/A",1942-05-05,Technology,"#N/A",efrank@genepoint.com,"#N/A",(650) 867-9895,Edna,"#N/A","#N/A",English,Frank,Partner,Primary,"#N/A","#N/A","#N/A","#N/A","#N/A","#N/A","#N/A","345 Shoreline Park
Mountain View, CA 94043
USA",(650) 867-7686,"#N/A","#N/A","#N/A","#N/A","#N/A","#N/A","#N/A","#N/A","#N/A",(650) 867-3450,Ms.,"VP, Technology"
4b522635-79a3-4ce7-81da-f521b042684a,e03a23f4-f134-4636-9d85-73da9b6d69a6,"#N/A","#N/A",1961-11-28,Production,"#N/A",ldcruz@uog.com,"#N/A",(650) 450-8820,Liz,"#N/A","#N/A",English,D'Cruz,Public Relations,Secondary,"#N/A","#N/A","#N/A","#N/A","#N/A","#N/A","#N/A","10 Tagore Lane
Singapore, Singapore 787472
Singapore",(650) 345-6637,"#N/A","#N/A","#N/A","#N/A","#N/A","#N/A","#N/A","#N/A","#N/A",(650) 450-8810,Ms.,"VP, Production"
4b86a1bd-909d-4a65-94f9-8f12dac54e55,8221cf74-62bd-490e-a6ce-c35040ac1304,"#N/A","#N/A",1968-02-23,Procurement,"#N/A",rose@edge.com,"#N/A",(512) 757-9000,Rose,"#N/A","#N/A",English,Gonzalez,Trade Show,Primary,"#N/A","#N/A","#N/A","#N/A","#N/A","#N/A","#N/A","313 Constitution Place
Austin, TX 78767
USA",(512) 757-9340,"#N/A","#N/A","#N/A","#N/A","#N/A","#N/A","#N/A","#N/A","#N/A",(512) 757-6000,Ms.,"SVP, Procurement"
56b48424-34c8-44cc-951d-cd727f461226,6d01d64c-7c96-4b5d-9fd4-f7886005facf,Jean Marie,(014) 427-4465,"#N/A",Finance,"#N/A",pat@pyramid.net,"#N/A",(014) 427-4428,Pat,"#N/A","#N/A","French, English",Stumuller,"#N/A",Primary,Paris,France,"#N/A","#N/A","#N/A",75251,"#N/A",2 Place Jussieu,(014) 454-6364,Paris,France,"#N/A","#N/A","#N/A","#N/A",75251,"#N/A",2 Place Jussieu,(014) 427-4427,Ms.,"SVP, Administration and Finance"
57fe27de-ccfa-4038-a867-10385af178b1,e3829292-a0a3-4993-8a67-05ce861ca8ad,"#N/A","#N/A",1944-04-12,Administration,"#N/A",jane_gray@uoa.edu,"#N/A",(520) 773-9060,Jane,"#N/A","#N/A",English,Grey,Word of mouth,Primary,"#N/A","#N/A","#N/A","#N/A","#N/A","#N/A","#N/A","888 N Euclid 
Hallis Center, Room 501
Tucson, AZ 85721
United States",(520) 773-4539,"#N/A","#N/A","#N/A","#N/A","#N/A","#N/A","#N/A","#N/A","#N/A",(520) 773-9050,Ms.,Dean of Administration
6bece999-953d-464c-ae8d-cd41e7053e54,10abc2da-99cc-45ef-899f-288745e47e75,Ron Sage,(503) 421-6782,1937-01-30,Operations,"#N/A",b.levy@expressl&t.net,"#N/A",(503) 421-7801,Babara,"#N/A","#N/A",English,Levy,Word of mouth,Primary,"#N/A","#N/A","#N/A","#N/A","#N/A","#N/A","#N/A","620 SW 5th Avenue Suite 400
Portland, Oregon 97204
United States",(503) 421-5451,"#N/A","#N/A","#N/A","#N/A","#N/A","#N/A","#N/A","#N/A","#N/A",(503) 421-7800,Ms.,"SVP, Operations"
723448b1-a1c5-40b6-b371-bd49cb07520b,defa5cbf-1350-46d5-b410-7269bc8dbf5c,Audrey Haynes,(212) 842-5589,1943-06-16,Production,"#N/A",spavlova@uog.com,"#N/A",(212) 842-5501,Stella,"#N/A","#N/A",English,Pavlova,Public Relations,Tertiary,"#N/A","#N/A","#N/A","#N/A","#N/A","#N/A","#N/A","1303 Avenue of the Americas 
New York, NY 10019
USA",(212) 842-5501,"#N/A","#N/A","#N/A","#N/A","#N/A",(212) 842-5543,"#N/A","#N/A","#N/A",(212) 842-5500,Ms.,"SVP, Production"
76042ceb-ef74-48a3-8331-31a1c8598733,49a10b6b-50f4-4d95-a261-cab71b958516,"#N/A","#N/A",1946-06-21,Finance,"#N/A",ajames@uog.com,"#N/A",+44 191 4956620,Ashley,"#N/A","#N/A",English,James,Public Relations,Primary,"#N/A","#N/A","#N/A","#N/A","#N/A","#N/A","#N/A","Kings Park, 17th Avenue, Team Valley Trading Estate,
Gateshead, Tyne and Wear NE26 3HS
United Kingdom",+44 191 3456234,"#N/A","#N/A","#N/A","#N/A","#N/A","#N/A","#N/A","#N/A","#N/A",+44 191 4956203,Ms.,"VP, Finance"
79aad457-e124-41d0-9541-024f6a825ef0,defa5cbf-1350-46d5-b410-7269bc8dbf5c,"#N/A","#N/A",1960-07-29,Technology,"#N/A",lboyle@uog.com,"#N/A",(212) 842-5501,Lauren,"#N/A","#N/A",English,Boyle,Public Relations,Secondary,"#N/A","#N/A","#N/A","#N/A","#N/A","#N/A","#N/A","1304 Avenue of the Americas 
New York, NY 10019
USA",(212) 842-5611,"#N/A","#N/A","#N/A","#N/A","#N/A","#N/A","#N/A","#N/A","#N/A",(212) 842-5500,Ms.,"SVP, Technology"
9d01bfb4-1d33-4d28-a1c1-f99158fa972b,defa5cbf-1350-46d5-b410-7269bc8dbf5c,Pat Feinstein,(212) 842-5464,1951-10-12,Executive Team,"#N/A",asong@uog.com,"#N/A",(212) 842-5501,Arthur,"#N/A","#N/A",English,Song,Public Relations,Secondary,"#N/A","#N/A","#N/A","#N/A","#N/A","#N/A","#N/A","1301 Avenue of the Americas 
New York, NY 10019
USA",(212) 842-4535,"#N/A","#N/A","#N/A","#N/A","#N/A","#N/A","#N/A","#N/A","#N/A",(212) 842-5500,Mr.,CEO
a3373c97-34f5-4e78-9b62-e67db9877758,defa5cbf-1350-46d5-b410-7269bc8dbf5c,Chris Nobel,(212) 842-5428,1933-09-22,Finance,"#N/A",agreen@uog.com,"#N/A",(212) 842-5501,Avi,"#N/A","#N/A",English,Green,Public Relations,Primary,"#N/A","#N/A","#N/A","#N/A","#N/A","#N/A","#N/A","1302 Avenue of the Americas 
New York, NY 10019
USA",(212) 842-2383,"#N/A","#N/A","#N/A","#N/A","#N/A","#N/A","#N/A","#N/A","#N/A",(212) 842-5500,Mr.,CFO
a9ff526c-c12d-4ca8-81ec-6846a10f30fd,e03a23f4-f134-4636-9d85-73da9b6d69a6,"#N/A","#N/A",1950-08-18,Executive Team,"#N/A",tripley@uog.com,"#N/A",(650) 450-8820,Tom,"#N/A","#N/A",English,Ripley,Public Relations,Primary,"#N/A","#N/A","#N/A","#N/A","#N/A","#N/A","#N/A","9 Tagore Lane
Singapore, Singapore 787472
Singapore",(650) 345-7636,"#N/A","#N/A","#N/A","#N/A","#N/A","#N/A","#N/A","#N/A","#N/A",(650) 450-8810,Mr.,Regional General Manager
cc13eba3-d8de-42f9-a48d-4da7a3d39596,10abc2da-99cc-45ef-899f-288745e47e75,"#N/A","#N/A",1948-05-26,Warehouse Mgmt,"#N/A",j.davis@expressl&t.net,"#N/A",(503) 421-7801,Josh,"#N/A","#N/A",English,Davis,Word of mouth,Secondary,"#N/A","#N/A","#N/A","#N/A","#N/A","#N/A","#N/A","621 SW 5th Avenue Suite 400
Portland, Oregon 97204
United States",(503) 421-4387,"#N/A","#N/A","#N/A","#N/A","#N/A","#N/A","#N/A","#N/A","#N/A",(503) 421-7800,Mr.,"Director, Warehouse Mgmt"
cdedf56a-8a1f-493d-be8a-718e23c4ce94,921a437d-579e-4951-ab62-11bd3cb92711,"#N/A","#N/A","#N/A",Internal Operations,"#N/A",a_young@dickenson.com,"#N/A","#N/A",Andy,"#N/A","#N/A",English,Young,Purchased List,Primary,Lawrence,USA,"#N/A","#N/A","#N/A",66045,KS,1301 Hoch Drive,(785) 265-5350,Lawrence,USA,"#N/A","#N/A","#N/A","#N/A",66045,KS,1301 Hoch Drive,(785) 241-6200,Mr,"SVP, Operations"
d1a62094-2f0b-4e4a-8444-f71bede22404,"#N/A","#N/A","#N/A","#N/A","#N/A","#N/A","#N/A","#N/A","#N/A","#N/A","#N/A","#N/A","#N/A",sharma,"#N/A","#N/A","#N/A","#N/A","#N/A","#N/A","#N/A","#N/A","#N/A","#N/A","#N/A","#N/A","#N/A","#N/A","#N/A","#N/A","#N/A","#N/A","#N/A","#N/A","#N/A","#N/A","#N/A"
e7a91cd7-18cf-455e-98fd-cf0fdda273c4,e001a030-112e-43dc-b8fa-5e92dfcdcd36,"#N/A","#N/A","#N/A","#N/A","#N/A",jrogers@burlington.com,"#N/A",(336) 222-8000,Jack,"#N/A","#N/A","#N/A",Rogers,Web,"#N/A",Burlington,USA,"#N/A","#N/A","#N/A",27215,NC,525 S. Lexington Ave,"#N/A","#N/A","#N/A","#N/A","#N/A","#N/A","#N/A","#N/A","#N/A","#N/A",(336) 222-7000,Mr.,"VP, Facilities"
f95ea5dc-2706-4556-ae98-6003184103e0,"#N/A","#N/A","#N/A","#N/A","#N/A","#N/A","#N/A","#N/A","#N/A","#N/A","#N/A","#N/A","#N/A",sharma,"#N/A","#N/A","#N/A","#N/A","#N/A","#N/A","#N/A","#N/A","#N/A","#N/A","#N/A","#N/A","#N/A","#N/A","#N/A","#N/A","#N/A","#N/A","#N/A","#N/A","#N/A","#N/A","#N/A"
